{
  "project_info": {
    "project_number": "989022391793",
    "project_id": "smrt-202a4",
    "storage_bucket": "smrt-202a4.appspot.com"
  },
  "client": [
    {
      "client_info": {
        "mobilesdk_app_id": "1:989022391793:android:d1e4ae33f9ed9b77350850",
        "android_client_info": {
          "package_name": "com.starnik.smrt"
        }
      },
      "oauth_client": [
        {
          "client_id": "989022391793-iqqh51128rlvfk99mon5kunlqj615uou.apps.googleusercontent.com",
          "client_type": 3
        }
      ],
      "api_key": [
        {
          "current_key": "AIzaSyD6FDF4yC2pZ2EdrhPCfckkll57lMl17tI"
        }
      ],
      "services": {
        "appinvite_service": {
          "other_platform_oauth_client": [
            {
              "client_id": "989022391793-iqqh51128rlvfk99mon5kunlqj615uou.apps.googleusercontent.com",
              "client_type": 3
            }
          ]
        }
      }
    }
  ],
  "configuration_version": "1"
}